epoch,iter,iters,lr,time,loss,loss_cls,loss_bbox,loss_dfl,global_iter
1,50,3238,1.0097e-05,0.8128,396.1377,313.0754,39.6545,43.4077,50
1,100,3238,2.0093e-05,0.7068,294.536,223.0755,32.779,38.6815,100
1,150,3238,3.009e-05,0.7146,244.3548,175.5125,31.6357,37.2066,150
1,200,3238,4.0087e-05,0.701,230.5129,162.7901,31.146,36.5768,200
1,250,3238,5.0083e-05,0.7023,220.3426,153.3009,30.9532,36.0885,250
1,300,3238,6.008e-05,0.7039,210.3596,144.533,30.0939,35.7328,300
1,350,3238,7.0077e-05,0.7113,201.745,136.3626,30.0169,35.3655,350
1,400,3238,8.0073e-05,0.7114,207.1341,139.3544,31.4397,36.3399,400
1,450,3238,9.007e-05,0.7189,198.9532,133.2953,30.3412,35.3166,450
1,500,3238,0.00010007,0.7043,195.1425,129.4756,29.9937,35.6732,500
1,550,3238,0.00011006,0.7055,194.9593,128.3638,30.7855,35.81,550
1,600,3238,0.00012006,0.7169,189.6016,124.9062,29.7795,34.9159,600
1,650,3238,0.00013006,0.7021,186.6849,121.7845,29.6065,35.2939,650
1,700,3238,0.00014005,0.7026,191.6273,125.2595,30.6369,35.7309,700
1,750,3238,0.00015005,0.7066,186.256,121.3493,29.8421,35.0646,750
1,800,3238,0.00016005,0.7289,187.6645,122.7618,29.5347,35.368,800
1,850,3238,0.00017004,0.7056,181.6357,116.3823,29.8506,35.4028,850
1,900,3238,0.00018004,0.7067,184.5076,119.5709,29.7014,35.2353,900
1,950,3238,0.00019004,0.71,179.7558,113.8976,30.1099,35.7482,950
1,1000,3238,0.00020003,0.7051,183.6945,117.9122,30.2466,35.5356,1000
1,1050,3238,0.00021003,0.7365,179.3292,114.4106,29.5803,35.3383,1050
1,1100,3238,0.00022003,0.7162,180.3574,115.1973,29.8029,35.3572,1100
1,1150,3238,0.00023002,0.7072,183.421,118.4391,29.6878,35.2941,1150
1,1200,3238,0.00024002,0.7094,183.013,117.6577,30.2754,35.0799,1200
1,1250,3238,0.00025002,0.715,184.0079,118.5713,30.1473,35.2893,1250
1,1300,3238,0.00026001,0.7169,183.2438,117.4117,30.4828,35.3493,1300
1,1350,3238,0.00027001,0.7108,186.4353,120.1472,30.3399,35.9481,1350
1,1400,3238,0.00028001,0.7167,180.8932,115.446,29.8471,35.6,1400
1,1450,3238,0.00029,0.7083,181.7204,115.6235,30.3646,35.7322,1450
1,1500,3238,0.0003,0.7124,180.9187,114.7682,30.3047,35.8458,1500
1,1550,3238,0.0003,0.7108,180.6097,114.1391,30.6301,35.8404,1550
1,1600,3238,0.0003,0.7036,185.3182,118.1108,31.1851,36.0223,1600
1,1650,3238,0.0003,0.7022,178.3152,113.3041,30.1779,34.8332,1650
1,1700,3238,0.0003,0.7205,181.278,113.8085,31.044,36.4255,1700
1,1750,3238,0.0003,0.7174,180.564,113.4634,30.8679,36.2327,1750
1,1800,3238,0.0003,0.7008,173.0103,106.9966,30.12,35.8937,1800
1,1850,3238,0.0003,0.6994,175.4073,109.9207,29.8258,35.6608,1850
1,1900,3238,0.0003,0.7144,172.8843,107.9432,29.4309,35.5102,1900
1,1950,3238,0.0003,0.712,175.3486,109.2844,30.0055,36.0588,1950
1,2000,3238,0.0003,0.704,167.3908,102.6662,29.3858,35.3387,2000
1,2050,3238,0.0003,0.6972,169.6447,105.3432,29.136,35.1655,2050
1,2100,3238,0.0003,0.6963,172.7513,106.3832,30.1754,36.1927,2100
1,2150,3238,0.0003,0.7041,168.7743,104.3344,29.1093,35.3306,2150
1,2200,3238,0.0003,0.706,167.0614,102.6161,29.1678,35.2775,2200
1,2250,3238,0.0003,0.7112,168.5381,103.0401,29.855,35.6429,2250
1,2300,3238,0.0003,0.7077,170.0304,104.1216,29.9057,36.0031,2300
1,2350,3238,0.0003,0.7051,163.8089,100.4006,28.4317,34.9767,2350
1,2400,3238,0.0003,0.7067,167.8712,102.9441,29.485,35.4421,2400
1,2450,3238,0.0003,0.6967,162.819,98.4308,28.7913,35.5969,2450
1,2500,3238,0.0003,0.6986,166.6686,100.1507,30.1788,36.3391,2500
1,2550,3238,0.0003,0.7049,162.5037,98.0356,28.9772,35.4908,2550
1,2600,3238,0.0003,0.7057,165.419,99.3688,30.0178,36.0324,2600
1,2650,3238,0.0003,0.6966,160.8642,97.5018,28.5901,34.7722,2650
1,2700,3238,0.0003,0.6973,163.7292,99.5506,28.9236,35.255,2700
1,2750,3238,0.0003,0.7096,161.6519,97.4811,29.0063,35.1645,2750
1,2800,3238,0.0003,0.7135,162.7703,98.5055,29.0533,35.2114,2800
1,2850,3238,0.0003,0.7015,159.8732,97.3809,27.9978,34.4945,2850
1,2900,3238,0.0003,0.7071,161.2838,97.3164,28.8305,35.137,2900
1,2950,3238,0.0003,0.7085,160.9736,96.3869,29.4032,35.1835,2950
1,3000,3238,0.0003,0.7218,162.446,98.7071,28.6583,35.0805,3000
1,3050,3238,0.0003,0.7235,161.8011,97.7325,28.8345,35.2341,3050
1,3100,3238,0.0003,0.7108,160.3393,96.4642,28.8509,35.0242,3100
1,3150,3238,0.0003,0.718,159.2144,95.8172,28.5042,34.893,3150
1,3200,3238,0.0003,0.714,158.5197,95.0572,28.5773,34.8853,3200
2,50,3238,0.0003,0.6859,160.4356,96.8498,28.411,35.1748,3288
2,100,3238,0.0003,0.6869,151.6511,89.5644,27.9438,34.1429,3338
2,150,3238,0.0003,0.6971,158.2197,94.4125,28.7312,35.0761,3388
2,200,3238,0.0003,0.69,161.3644,97.551,28.7058,35.1076,3438
2,250,3238,0.0003,0.6879,151.7958,89.2057,28.0035,34.5866,3488
2,300,3238,0.0003,0.694,156.1122,92.9262,28.5457,34.6403,3538
2,350,3238,0.0003,0.6908,154.576,91.0983,28.5931,34.8847,3588
2,400,3238,0.0003,0.6933,154.6273,92.3033,27.5074,34.8166,3638
2,450,3238,0.0003,0.6935,156.1203,92.8327,28.3637,34.924,3688
2,500,3238,0.0003,0.6975,155.6666,92.076,28.5811,35.0095,3738
2,550,3238,0.0003,0.6933,152.5712,89.9098,27.9211,34.7403,3788
2,600,3238,0.0003,0.7057,153.1329,90.9288,27.8653,34.3388,3838
2,650,3238,0.0003,0.6928,156.4234,92.2114,29.0265,35.1855,3888
2,700,3238,0.0003,0.695,153.4992,90.9097,27.9849,34.6046,3938
2,750,3238,0.0003,0.702,157.3135,94.3424,28.1862,34.7849,3988
2,800,3238,0.0003,0.6939,152.42,89.9281,27.8627,34.6291,4038
2,850,3238,0.0003,0.6958,149.9935,88.4277,27.1883,34.3775,4088
2,900,3238,0.0003,0.6952,151.3657,89.9883,27.516,33.8614,4138
2,950,3238,0.0003,0.7028,152.494,89.5816,28.1595,34.7529,4188
2,1000,3238,0.0003,0.6955,156.2483,91.7168,28.9988,35.5327,4238
2,1050,3238,0.0003,0.6966,149.8458,88.4274,27.251,34.1674,4288
2,1100,3238,0.0003,0.6965,154.2993,91.7157,28.0509,34.5328,4338
2,1150,3238,0.0003,0.6912,153.9378,90.035,28.829,35.0739,4388
2,1200,3238,0.0003,0.7062,157.3349,92.4953,29.1671,35.6724,4438
2,1250,3238,0.0003,0.6964,151.6438,89.7525,27.5224,34.3689,4488
2,1300,3238,0.0003,0.6951,149.9961,87.8243,27.7454,34.4264,4538
2,1350,3238,0.0003,0.6951,153.4873,90.6645,28.1587,34.6642,4588
2,1400,3238,0.0003,0.7075,150.0594,87.4988,27.6589,34.9017,4638
2,1450,3238,0.0003,0.7025,153.3241,91.3464,27.6712,34.3065,4688
2,1500,3238,0.0003,0.703,149.4952,87.7849,27.181,34.5292,4738
2,1550,3238,0.0003,0.6967,152.9124,90.7547,27.5931,34.5645,4788
2,1600,3238,0.0003,0.7077,152.5331,89.2282,28.3809,34.9239,4838
2,1650,3238,0.0003,0.7079,151.0947,87.6925,27.9933,35.4089,4888
2,1700,3238,0.0003,0.6934,149.7964,88.7691,26.8834,34.1439,4938
2,1750,3238,0.0003,0.6947,148.8541,87.3442,27.2342,34.2756,4988
2,1800,3238,0.0003,0.695,155.7193,92.3601,28.4553,34.9039,5038
2,1850,3238,0.0003,0.7056,153.6097,90.2221,28.4253,34.9624,5088
2,1900,3238,0.0003,0.6928,147.5331,85.7195,27.2679,34.5457,5138
2,1950,3238,0.0003,0.6977,148.7967,87.986,27.138,33.6727,5188
2,2000,3238,0.0003,0.6962,152.161,89.1837,28.2397,34.7376,5238
2,2050,3238,0.0003,0.7058,151.5646,88.7422,28.1007,34.7218,5288
2,2100,3238,0.0003,0.6985,152.0924,89.3839,27.826,34.8824,5338
2,2150,3238,0.0003,0.6973,147.4826,86.2888,27.2476,33.9462,5388
2,2200,3238,0.0003,0.6991,144.4744,83.6208,26.7663,34.0873,5438
2,2250,3238,0.0003,0.6968,146.3832,84.7767,26.9974,34.6091,5488
2,2300,3238,0.0003,0.7065,149.7099,87.4169,27.6921,34.6008,5538
2,2350,3238,0.0003,0.698,148.0064,86.5521,27.0416,34.4127,5588
2,2400,3238,0.0003,0.699,148.9221,86.0015,28.1923,34.7282,5638
2,2450,3238,0.0003,0.6933,153.0986,90.3039,28.1607,34.634,5688
2,2500,3238,0.0003,0.705,144.7911,83.7178,26.9773,34.096,5738
2,2550,3238,0.0003,0.6981,146.446,85.4895,26.9557,34.0008,5788
2,2600,3238,0.0003,0.6986,145.2831,83.9701,27.1085,34.2045,5838
2,2650,3238,0.0003,0.7131,150.3222,88.2124,27.2366,34.8732,5888
2,2700,3238,0.0003,0.7212,148.4896,86.2716,27.7364,34.4816,5938
2,2750,3238,0.0003,0.6941,147.0448,85.2103,27.4329,34.4016,5988
2,2800,3238,0.0003,0.6986,150.4262,88.367,27.3681,34.6911,6038
2,2850,3238,0.0003,0.6987,146.5661,84.615,27.5111,34.44,6088
2,2900,3238,0.0003,0.6962,147.0317,85.4114,27.1892,34.4312,6138
2,2950,3238,0.0003,0.7094,142.4533,81.6753,26.6642,34.1138,6188
2,3000,3238,0.0003,0.6967,142.8693,82.3309,26.7307,33.8077,6238
2,3050,3238,0.0003,0.698,148.382,87.5255,27.1145,33.742,6288
2,3100,3238,0.0003,0.698,147.4272,85.008,27.5644,34.8548,6338
2,3150,3238,0.0003,0.7065,145.6743,84.9606,26.8846,33.8291,6388
2,3200,3238,0.0003,0.6974,143.8868,83.1163,26.8642,33.9062,6438
3,50,3238,0.00029494,0.6907,143.6659,83.0394,26.5391,34.0875,6526
3,100,3238,0.00029494,0.6887,144.3362,84.0647,26.658,33.6135,6576
3,150,3238,0.00029494,0.6873,143.5933,84.16,26.2898,33.1435,6626
3,200,3238,0.00029494,0.6914,146.0173,85.2786,26.9199,33.8188,6676
3,250,3238,0.00029494,0.6929,147.3668,84.9862,27.5637,34.8169,6726
3,300,3238,0.00029494,0.7016,144.6511,83.4156,27.2439,33.9917,6776
3,350,3238,0.00029494,0.6937,140.6821,80.2619,26.4508,33.9693,6826
3,400,3238,0.00029494,0.6963,146.5103,83.7417,27.7254,35.0432,6876
3,450,3238,0.00029494,0.6927,144.5824,82.4763,27.572,34.534,6926
3,500,3238,0.00029494,0.6954,145.8674,85.1388,26.9263,33.8023,6976
3,550,3238,0.00029494,0.7057,144.6701,83.6452,26.9596,34.0653,7026
3,600,3238,0.00029494,0.6976,141.3082,81.2368,26.4389,33.6325,7076
3,650,3238,0.00029494,0.7001,144.1188,83.4243,26.8651,33.8294,7126
3,700,3238,0.00029494,0.7006,143.951,82.9308,26.8776,34.1427,7176
3,750,3238,0.00029494,0.7108,142.9384,82.3422,26.8882,33.708,7226
3,800,3238,0.00029494,0.6984,143.1918,82.0823,26.9101,34.1994,7276
3,850,3238,0.00029494,0.7011,142.0067,81.3098,26.5906,34.1063,7326
3,900,3238,0.00029494,0.6995,143.569,82.2066,27.1088,34.2536,7376
3,950,3238,0.00029494,0.7073,141.3117,80.3508,26.7276,34.2332,7426
3,1000,3238,0.00029494,0.6995,143.9704,82.6739,27.3159,33.9807,7476
3,1050,3238,0.00029494,0.6984,146.8162,85.3404,26.9978,34.478,7526
3,1100,3238,0.00029494,0.6985,146.3909,84.2798,27.4991,34.612,7576
3,1150,3238,0.00029494,0.7066,141.0935,80.5661,26.8294,33.6981,7626
3,1200,3238,0.00029494,0.7081,145.0361,83.5194,27.3073,34.2094,7676
3,1250,3238,0.00029494,0.7026,139.5861,79.9989,26.028,33.5592,7726
3,1300,3238,0.00029494,0.6958,147.5357,84.5147,28.0494,34.9717,7776
3,1350,3238,0.00029494,0.6959,146.6183,84.5092,27.6816,34.4275,7826
3,1400,3238,0.00029494,0.7107,145.3767,83.0979,27.5276,34.7512,7876
3,1450,3238,0.00029494,0.7158,143.0572,82.2749,26.7982,33.984,7926
3,1500,3238,0.00029494,0.6955,144.4053,83.139,27.0605,34.2059,7976
3,1550,3238,0.00029494,0.6997,143.7911,83.2063,26.7034,33.8814,8026
3,1600,3238,0.00029494,0.7137,138.1224,77.9598,26.3052,33.8574,8076
3,1650,3238,0.00029494,0.7006,140.4398,80.1312,26.6655,33.6431,8126
3,1700,3238,0.00029494,0.7002,141.3039,80.0593,26.99,34.2546,8176
3,1750,3238,0.00029494,0.7031,145.4466,84.1482,27.3275,33.971,8226
3,1800,3238,0.00029494,0.6972,141.4095,80.0353,27.1401,34.2342,8276
3,1850,3238,0.00029494,0.7263,143.3475,82.4648,26.8886,33.9941,8326
3,1900,3238,0.00029494,0.7128,141.0541,79.4386,27.2935,34.3221,8376
3,1950,3238,0.00029494,0.7127,141.703,81.5347,26.5955,33.5728,8426
3,2000,3238,0.00029494,0.7161,143.2822,81.89,27.0993,34.2929,8476
3,2050,3238,0.00029494,0.7188,141.8323,80.7854,26.8733,34.1737,8526
3,2100,3238,0.00029494,0.6971,141.3201,80.1971,27.0065,34.1165,8576
3,2150,3238,0.00029494,0.6956,137.7598,78.6797,25.8875,33.1926,8626
3,2200,3238,0.00029494,0.6946,139.1441,78.6548,26.4893,33.9999,8676
3,2250,3238,0.00029494,0.7059,142.7729,82.3709,26.6522,33.7498,8726
3,2300,3238,0.00029494,0.7125,139.6999,79.0862,26.6,34.0137,8776
3,2350,3238,0.00029494,0.6964,139.736,79.9518,26.0895,33.6947,8826
3,2400,3238,0.00029494,0.7047,138.2788,79.3653,25.6146,33.2989,8876
3,2450,3238,0.00029494,0.6942,141.3337,80.7796,26.7169,33.8371,8926
3,2500,3238,0.00029494,0.7144,141.804,81.7077,26.2351,33.8613,8976
3,2550,3238,0.00029494,0.7036,138.8566,79.0233,26.1318,33.7014,9026
3,2600,3238,0.00029494,0.6989,139.0235,78.8451,26.3795,33.7988,9076
3,2650,3238,0.00029494,0.7015,140.9752,80.8306,26.7164,33.4282,9126
3,2700,3238,0.00029494,0.7113,137.209,78.0374,25.8829,33.2887,9176
3,2750,3238,0.00029494,0.6946,145.2289,83.7077,27.2781,34.243,9226
3,2800,3238,0.00029494,0.6942,141.0473,80.124,26.7859,34.1373,9276
3,2850,3238,0.00029494,0.6918,140.2713,79.8381,26.353,34.0803,9326
3,2900,3238,0.00029494,0.7039,137.0265,77.1685,26.2911,33.567,9376
3,2950,3238,0.00029494,0.7005,137.1852,77.2928,26.1779,33.7145,9426
3,3000,3238,0.00029494,0.6934,141.0212,79.6415,27.0385,34.3412,9476
3,3050,3238,0.00029494,0.6932,136.1235,76.8938,25.6913,33.5385,9526
3,3100,3238,0.00029494,0.6946,138.9045,79.1159,26.3663,33.4222,9576
3,3150,3238,0.00029494,0.7127,142.6,82.1696,26.6496,33.7807,9626
3,3200,3238,0.00029494,0.6983,138.5707,78.4863,26.2132,33.8712,9676
4,50,3238,0.0002801,0.6988,140.2845,79.3369,26.8016,34.1459,9764
4,100,3238,0.0002801,0.6815,139.3483,79.1046,26.2646,33.9791,9814
4,150,3238,0.0002801,0.6844,139.0151,78.1421,26.5752,34.2977,9864
4,200,3238,0.0002801,0.6898,138.8492,78.7915,26.2258,33.8318,9914
4,250,3238,0.0002801,0.7015,141.3197,80.12,27.1817,34.018,9964
4,300,3238,0.0002801,0.6954,142.6011,80.4503,27.3417,34.8092,10014
4,350,3238,0.0002801,0.6967,139.3163,79.8492,26.0636,33.4035,10064
4,400,3238,0.0002801,0.6953,136.7786,77.5981,25.8769,33.3037,10114
4,450,3238,0.0002801,0.7042,138.7648,78.7002,26.1879,33.8767,10164
4,500,3238,0.0002801,0.7027,136.8529,76.3302,26.5594,33.9633,10214
4,550,3238,0.0002801,0.7016,141.3706,80.5595,26.742,34.0691,10264
4,600,3238,0.0002801,0.6978,139.7747,79.4314,26.6107,33.7326,10314
4,650,3238,0.0002801,0.6967,138.7582,78.4885,26.4986,33.7711,10364
4,700,3238,0.0002801,0.7066,138.85,78.8813,26.2682,33.7005,10414
4,750,3238,0.0002801,0.6991,138.1491,78.279,26.3267,33.5434,10464
4,800,3238,0.0002801,0.6975,136.4853,77.0424,25.9239,33.519,10514
4,850,3238,0.0002801,0.6997,137.536,77.1633,26.4117,33.961,10564
4,900,3238,0.0002801,0.7106,138.6093,78.8357,26.1025,33.6712,10614
4,950,3238,0.0002801,0.7077,138.4801,77.6553,26.6645,34.1604,10664
4,1000,3238,0.0002801,0.7067,138.0762,78.2204,26.4253,33.4306,10714
4,1050,3238,0.0002801,0.7002,139.907,79.2832,26.641,33.9828,10764
4,1100,3238,0.0002801,0.708,136.9269,77.3076,26.1461,33.4732,10814
4,1150,3238,0.0002801,0.7014,136.9254,76.5869,26.3929,33.9456,10864
4,1200,3238,0.0002801,0.6981,137.0492,77.7984,26.2066,33.0442,10914
4,1250,3238,0.0002801,0.7021,137.2337,77.5258,26.2049,33.5031,10964
4,1300,3238,0.0002801,0.7013,136.5966,76.5041,26.4457,33.6468,11014
4,1350,3238,0.0002801,0.7097,136.9605,76.8643,26.4098,33.6864,11064
4,1400,3238,0.0002801,0.7012,135.963,76.077,26.1417,33.7443,11114
4,1450,3238,0.0002801,0.698,137.3286,77.5686,26.1433,33.6167,11164
4,1500,3238,0.0002801,0.7116,138.6686,77.9788,26.5875,34.1023,11214
4,1550,3238,0.0002801,0.7086,136.1563,76.6683,25.8571,33.6309,11264
4,1600,3238,0.0002801,0.7,136.1029,76.3868,26.023,33.6931,11314
4,1650,3238,0.0002801,0.6985,139.0304,78.5762,26.7652,33.689,11364
4,1700,3238,0.0002801,0.6977,137.1571,77.6744,25.9852,33.4975,11414
4,1750,3238,0.0002801,0.7071,135.0793,75.2078,26.1549,33.7165,11464
4,1800,3238,0.0002801,0.7149,137.1208,77.5835,26.0417,33.4955,11514
4,1850,3238,0.0002801,0.7037,140.0501,78.77,27.0075,34.2726,11564
4,1900,3238,0.0002801,0.6968,139.0639,78.9559,26.1768,33.9312,11614
4,1950,3238,0.0002801,0.6988,131.0695,73.0453,25.2736,32.7506,11664
4,2000,3238,0.0002801,0.7068,133.4498,73.9336,26.1621,33.3542,11714
4,2050,3238,0.0002801,0.6966,132.9947,74.8373,25.1444,33.013,11764
4,2100,3238,0.0002801,0.6981,136.0264,76.039,26.1385,33.8488,11814
4,2150,3238,0.0002801,0.6955,135.4169,76.281,25.626,33.5099,11864
4,2200,3238,0.0002801,0.7066,138.0488,78.623,26.026,33.3997,11914
4,2250,3238,0.0002801,0.7006,138.5625,78.4108,26.4587,33.693,11964
4,2300,3238,0.0002801,0.699,136.48,76.7453,26.0787,33.6561,12014
4,2350,3238,0.0002801,0.6979,139.0937,78.5984,26.6335,33.8618,12064
4,2400,3238,0.0002801,0.6989,139.8958,79.2158,26.8404,33.8396,12114
4,2450,3238,0.0002801,0.706,133.0509,74.227,25.4912,33.3327,12164
4,2500,3238,0.0002801,0.6993,136.5928,77.581,25.6544,33.3574,12214
4,2550,3238,0.0002801,0.6993,136.0393,77.024,25.8022,33.2132,12264
4,2600,3238,0.0002801,0.6986,133.7196,75.0893,25.3459,33.2844,12314
4,2650,3238,0.0002801,0.7078,134.1071,74.8026,25.552,33.7525,12364
4,2700,3238,0.0002801,0.6999,131.6163,72.9601,25.534,33.1222,12414
4,2750,3238,0.0002801,0.7018,135.6645,76.6495,26.0114,33.0035,12464
4,2800,3238,0.0002801,0.7026,138.2425,78.2083,26.3928,33.6415,12514
4,2850,3238,0.0002801,0.7088,138.6575,77.7498,26.812,34.0957,12564
4,2900,3238,0.0002801,0.6997,137.2318,77.5791,26.1338,33.5188,12614
4,2950,3238,0.0002801,0.6969,137.0171,77.256,26.2255,33.5355,12664
4,3000,3238,0.0002801,0.7072,135.4976,75.9983,26.1108,33.3885,12714
4,3050,3238,0.0002801,0.7092,131.1641,72.6807,25.1784,33.305,12764
4,3100,3238,0.0002801,0.708,135.4319,75.4984,26.1894,33.7442,12814
4,3150,3238,0.0002801,0.7027,137.1658,77.1453,26.4218,33.5987,12864
4,3200,3238,0.0002801,0.6995,138.421,77.1764,26.9789,34.2658,12914
5,50,3238,0.00025651,0.6929,132.1564,73.6786,25.4832,32.9946,13002
5,100,3238,0.00025651,0.688,132.9258,73.5208,25.8065,33.5986,13052
5,150,3238,0.00025651,0.6886,134.4357,75.4353,25.6677,33.3328,13102
5,200,3238,0.00025651,0.6972,130.376,72.421,24.86,33.0951,13152
5,250,3238,0.00025651,0.7122,130.3211,72.1171,25.3561,32.8479,13202
5,300,3238,0.00025651,0.6996,135.676,75.087,26.4074,34.1816,13252
5,350,3238,0.00025651,0.6968,135.0855,75.5067,26.0547,33.5241,13302
5,400,3238,0.00025651,0.7035,131.9579,72.9849,25.5834,33.3896,13352
5,450,3238,0.00025651,0.7023,135.4361,75.6106,26.1666,33.6589,13402
5,500,3238,0.00025651,0.6967,134.7552,75.6278,25.6093,33.5181,13452
5,550,3238,0.00025651,0.6967,132.5828,74.1977,25.3815,33.0036,13502
5,600,3238,0.00025651,0.698,135.7065,74.9788,26.473,34.2546,13552
5,650,3238,0.00025651,0.7071,130.3478,71.8609,25.0795,33.4075,13602
5,700,3238,0.00025651,0.6981,135.2113,75.3619,26.1743,33.6751,13652
5,750,3238,0.00025651,0.6984,134.0916,74.2526,26.0851,33.7539,13702
5,800,3238,0.00025651,0.6967,131.1906,72.625,25.3148,33.2509,13752
5,850,3238,0.00025651,0.7044,133.5862,74.2039,25.7325,33.6498,13802
5,900,3238,0.00025651,0.6973,129.5853,71.1504,25.241,33.1939,13852
5,950,3238,0.00025651,0.6975,131.6176,73.9411,24.9844,32.6921,13902
5,1000,3238,0.00025651,0.7097,132.3262,73.7551,25.3455,33.2255,13952
5,1050,3238,0.00025651,0.7207,133.3099,74.8294,25.428,33.0524,14002
5,1100,3238,0.00025651,0.6999,129.9234,71.7502,25.1846,32.9886,14052
5,1150,3238,0.00025651,0.6976,135.2499,76.0268,25.9526,33.2705,14102
5,1200,3238,0.00025651,0.6968,134.2186,74.6728,26.0959,33.4499,14152
5,1250,3238,0.00025651,0.6977,133.7374,73.6789,26.1445,33.914,14202
5,1300,3238,0.00025651,0.7083,131.8026,73.3826,25.2965,33.1235,14252
5,1350,3238,0.00025651,0.6999,135.3164,76.0265,25.9646,33.3253,14302
5,1400,3238,0.00025651,0.7166,132.0919,73.4645,25.4978,33.1296,14352
5,1450,3238,0.00025651,0.6989,133.602,74.0336,26.0125,33.556,14402
5,1500,3238,0.00025651,0.7167,131.2609,72.4785,25.4516,33.3308,14452
5,1550,3238,0.00025651,0.7145,134.3177,75.1053,25.9294,33.283,14502
5,1600,3238,0.00025651,0.6958,135.8885,76.1856,25.962,33.7409,14552
5,1650,3238,0.00025651,0.7061,130.9337,72.6179,25.3816,32.9342,14602
5,1700,3238,0.00025651,0.7048,130.0348,71.2506,25.5878,33.1964,14652
5,1750,3238,0.00025651,0.7121,133.0527,73.3899,25.8062,33.8567,14702
5,1800,3238,0.00025651,0.6954,133.1937,73.9218,25.7324,33.5395,14752
5,1850,3238,0.00025651,0.7006,133.5051,74.1115,25.913,33.4806,14802
5,1900,3238,0.00025651,0.7015,129.4751,71.215,25.0132,33.2469,14852
5,1950,3238,0.00025651,0.7051,133.6502,74.3476,25.9553,33.3473,14902
5,2000,3238,0.00025651,0.6926,134.5497,75.1971,25.8102,33.5424,14952
5,2050,3238,0.00025651,0.6961,129.829,71.9179,24.9489,32.9622,15002
5,2100,3238,0.00025651,0.701,138.2437,77.2364,26.7212,34.2861,15052
5,2150,3238,0.00025651,0.704,135.631,75.2714,26.2223,34.1373,15102
5,2200,3238,0.00025651,0.6974,132.8012,73.4669,25.7025,33.6318,15152
5,2250,3238,0.00025651,0.6984,134.3932,75.0558,25.9388,33.3985,15202
5,2300,3238,0.00025651,0.7003,135.6279,75.7146,26.2627,33.6507,15252
5,2350,3238,0.00025651,0.7042,133.4411,73.5661,26.1172,33.7577,15302
5,2400,3238,0.00025651,0.7008,128.6898,70.7153,24.9432,33.0312,15352
5,2450,3238,0.00025651,0.6989,133.6104,73.8263,26.1345,33.6496,15402
5,2500,3238,0.00025651,0.7047,133.7625,74.6118,25.471,33.6796,15452
5,2550,3238,0.00025651,0.7001,133.4344,74.2813,25.5979,33.5553,15502
5,2600,3238,0.00025651,0.7042,132.7867,74.0111,25.4282,33.3474,15552
5,2650,3238,0.00025651,0.6971,133.6519,73.6948,26.1698,33.7873,15602
5,2700,3238,0.00025651,0.6992,129.4657,70.9708,25.3587,33.1362,15652
5,2750,3238,0.00025651,0.7011,130.3901,71.9644,25.0151,33.4106,15702
5,2800,3238,0.00025651,0.7096,134.1492,74.7334,25.6964,33.7194,15752
5,2850,3238,0.00025651,0.6999,130.7071,72.5892,24.9974,33.1206,15802
5,2900,3238,0.00025651,0.713,135.1497,75.5437,25.9103,33.6957,15852
5,2950,3238,0.00025651,0.7017,129.6906,72.0638,24.9576,32.6692,15902
5,3000,3238,0.00025651,0.6972,129.2933,71.4776,24.7722,33.0435,15952
5,3050,3238,0.00025651,0.7041,129.2376,71.0,25.0692,33.1685,16002
5,3100,3238,0.00025651,0.6951,132.5305,73.2289,25.8283,33.4733,16052
5,3150,3238,0.00025651,0.6914,132.568,73.3552,25.7045,33.5083,16102
5,3200,3238,0.00025651,0.7138,134.0745,74.3356,26.3038,33.4352,16152
6,50,3238,0.00022575,0.7059,130.6929,71.6676,25.5658,33.4595,16240
6,100,3238,0.00022575,0.6796,127.14,69.7043,24.9662,32.4695,16290
6,150,3238,0.00022575,0.6909,129.8377,70.5708,25.3677,33.8992,16340
6,200,3238,0.00022575,0.6909,132.7216,73.4788,25.8781,33.3647,16390
6,250,3238,0.00022575,0.6935,131.5976,72.1227,25.9711,33.5038,16440
6,300,3238,0.00022575,0.6958,129.0301,70.8815,25.3092,32.8393,16490
6,350,3238,0.00022575,0.6974,130.9513,72.4421,25.2592,33.2499,16540
6,400,3238,0.00022575,0.706,130.2924,71.1268,25.6478,33.5178,16590
6,450,3238,0.00022575,0.6978,128.7925,70.8818,25.0192,32.8915,16640
6,500,3238,0.00022575,0.6957,126.587,69.2324,24.7266,32.628,16690
6,550,3238,0.00022575,0.7102,130.5593,72.1127,25.2043,33.2422,16740
6,600,3238,0.00022575,0.7021,130.4989,71.2546,25.6735,33.5709,16790
6,650,3238,0.00022575,0.6979,131.6223,72.5183,25.5131,33.5909,16840
6,700,3238,0.00022575,0.6982,130.6885,72.3109,25.3478,33.0298,16890
6,750,3238,0.00022575,0.6977,129.2733,71.0977,25.2219,32.9537,16940
6,800,3238,0.00022575,0.6956,134.252,73.8884,26.4477,33.9159,16990
6,850,3238,0.00022575,0.6997,128.8845,70.7511,24.9346,33.1989,17040
6,900,3238,0.00022575,0.6986,129.4852,70.6927,25.4315,33.361,17090
6,950,3238,0.00022575,0.6974,132.0877,73.2699,25.524,33.2938,17140
6,1000,3238,0.00022575,0.7043,130.5376,72.1246,25.2565,33.1564,17190
6,1050,3238,0.00022575,0.7031,127.657,69.6218,25.2025,32.8326,17240
6,1100,3238,0.00022575,0.6967,130.988,72.0876,25.5924,33.308,17290
6,1150,3238,0.00022575,0.6975,130.8583,71.2173,25.8879,33.7532,17340
6,1200,3238,0.00022575,0.697,125.8254,68.4851,24.5393,32.8009,17390
6,1250,3238,0.00022575,0.7018,128.0502,70.4926,24.7716,32.786,17440
6,1300,3238,0.00022575,0.6942,127.4449,69.8235,24.7986,32.8228,17490
6,1350,3238,0.00022575,0.6967,133.3828,73.9898,25.8047,33.5882,17540
6,1400,3238,0.00022575,0.694,130.4693,71.1166,25.9785,33.3742,17590
6,1450,3238,0.00022575,0.6971,133.5256,73.6985,26.2326,33.5945,17640
6,1500,3238,0.00022575,0.7066,127.887,70.3049,24.7722,32.8099,17690
6,1550,3238,0.00022575,0.6956,129.1076,70.8374,25.4544,32.8158,17740
6,1600,3238,0.00022575,0.6974,127.0897,69.0461,24.9583,33.0854,17790
6,1650,3238,0.00022575,0.695,129.663,70.9343,25.4553,33.2734,17840
6,1700,3238,0.00022575,0.6988,133.0027,73.1956,26.1792,33.6279,17890
6,1750,3238,0.00022575,0.6929,129.6722,71.2664,25.3155,33.0903,17940
6,1800,3238,0.00022575,0.6992,130.406,72.2112,25.3937,32.8011,17990
6,1850,3238,0.00022575,0.7007,127.9201,69.7504,24.9363,33.2333,18040
6,1900,3238,0.00022575,0.7,129.4096,71.8342,24.9101,32.6654,18090
6,1950,3238,0.00022575,0.6956,127.7758,69.499,25.1328,33.144,18140
6,2000,3238,0.00022575,0.6965,129.6065,71.193,25.1412,33.2724,18190
6,2050,3238,0.00022575,0.713,128.7203,69.9058,25.3869,33.4276,18240
6,2100,3238,0.00022575,0.7,129.9867,71.64,25.3347,33.012,18290
6,2150,3238,0.00022575,0.6932,125.6605,68.6296,24.3944,32.6365,18340
6,2200,3238,0.00022575,0.6963,128.9382,70.0562,25.6953,33.1867,18390
6,2250,3238,0.00022575,0.6974,129.2643,71.7045,24.8169,32.7429,18440
6,2300,3238,0.00022575,0.6958,128.1384,69.9396,25.171,33.0279,18490
6,2350,3238,0.00022575,0.6998,130.0701,71.3849,25.3509,33.3342,18540
6,2400,3238,0.00022575,0.6964,126.3614,68.7104,24.8201,32.8309,18590
6,2450,3238,0.00022575,0.6935,126.2269,67.3825,25.5335,33.3109,18640
6,2500,3238,0.00022575,0.696,129.9082,70.7539,25.765,33.3892,18690
6,2550,3238,0.00022575,0.7059,128.8204,70.7444,25.1282,32.9479,18740
6,2600,3238,0.00022575,0.7143,129.8554,72.2634,24.9926,32.5994,18790
6,2650,3238,0.00022575,0.7018,129.3221,70.5127,25.4715,33.3379,18840
6,2700,3238,0.00022575,0.6939,126.4789,68.6098,24.9702,32.8989,18890
6,2750,3238,0.00022575,0.6974,127.6431,70.1193,24.782,32.7418,18940
6,2800,3238,0.00022575,0.6944,131.023,72.1148,25.461,33.4472,18990
6,2850,3238,0.00022575,0.6957,127.5818,69.661,24.8132,33.1076,19040
6,2900,3238,0.00022575,0.6956,129.2332,71.0566,24.948,33.2286,19090
6,2950,3238,0.00022575,0.6918,127.6537,69.9294,24.949,32.7753,19140
6,3000,3238,0.00022575,0.6975,126.8354,69.4353,24.5884,32.8117,19190
6,3050,3238,0.00022575,0.6965,125.5843,67.6818,24.8763,33.0262,19240
6,3100,3238,0.00022575,0.6943,129.0831,71.4566,24.8387,32.7878,19290
6,3150,3238,0.00022575,0.6903,128.0573,70.2655,24.893,32.8988,19340
6,3200,3238,0.00022575,0.6968,132.0246,72.6765,25.7374,33.6107,19390
7,50,3238,0.00018993,0.6907,124.9715,67.8461,24.449,32.6765,19478
7,100,3238,0.00018993,0.6935,126.6463,68.274,25.3364,33.0359,19528
7,150,3238,0.00018993,0.6878,127.3847,69.0259,25.2052,33.1536,19578
7,200,3238,0.00018993,0.6889,125.3239,67.5775,24.8206,32.9258,19628
7,250,3238,0.00018993,0.7015,123.3305,66.1906,24.5158,32.6241,19678
7,300,3238,0.00018993,0.7049,122.2331,64.8325,24.6117,32.7889,19728
7,350,3238,0.00018993,0.6981,124.6019,67.4601,24.6681,32.4737,19778
7,400,3238,0.00018993,0.6987,127.1167,69.1367,25.0437,32.9363,19828
7,450,3238,0.00018993,0.6976,122.5405,65.8986,24.2141,32.4278,19878
7,500,3238,0.00018993,0.6986,125.2766,67.4173,24.9328,32.9265,19928
7,550,3238,0.00018993,0.7073,127.2917,69.2082,25.2259,32.8575,19978
7,600,3238,0.00018993,0.6993,124.1117,66.7099,24.5131,32.8887,20028
7,650,3238,0.00018993,0.6991,125.2821,67.3977,24.5969,33.2875,20078
7,700,3238,0.00018993,0.6956,123.3862,66.091,24.4561,32.8391,20128
7,750,3238,0.00018993,0.7045,127.6299,69.2923,25.1697,33.1679,20178
7,800,3238,0.00018993,0.696,124.7858,67.4554,24.6657,32.6647,20228
7,850,3238,0.00018993,0.6966,127.8587,69.307,25.2057,33.346,20278
7,900,3238,0.00018993,0.696,124.8597,67.0861,24.9699,32.8037,20328
7,950,3238,0.00018993,0.7029,126.2698,68.7959,24.7989,32.6749,20378
7,1000,3238,0.00018993,0.6976,122.657,65.806,24.3579,32.4932,20428
7,1050,3238,0.00018993,0.6966,124.3112,67.7731,24.1616,32.3765,20478
7,1100,3238,0.00018993,0.7001,127.2369,68.6374,25.4627,33.1368,20528
7,1150,3238,0.00018993,0.6947,127.3067,69.2645,24.8323,33.2099,20578
7,1200,3238,0.00018993,0.7068,125.8859,67.5972,25.0815,33.2072,20628
7,1250,3238,0.00018993,0.6939,125.2544,67.6148,24.8364,32.8032,20678
7,1300,3238,0.00018993,0.6931,124.4561,67.1413,24.5165,32.7983,20728
7,1350,3238,0.00018993,0.6962,121.5118,64.678,24.1774,32.6565,20778
7,1400,3238,0.00018993,0.7044,124.565,66.8451,24.6755,33.0443,20828
7,1450,3238,0.00018993,0.6936,121.4907,65.0558,23.9031,32.5318,20878
7,1500,3238,0.00018993,0.6962,124.4396,67.5722,24.3797,32.4877,20928
7,1550,3238,0.00018993,0.6961,123.8235,67.0727,24.2112,32.5396,20978
7,1600,3238,0.00018993,0.7052,125.9621,68.1417,24.7733,33.0472,21028
7,1650,3238,0.00018993,0.6931,124.7224,67.0014,24.8262,32.8947,21078
7,1700,3238,0.00018993,0.7,125.5151,67.6149,25.0585,32.8417,21128
7,1750,3238,0.00018993,0.6996,126.7687,68.8289,24.9082,33.0316,21178
7,1800,3238,0.00018993,0.6931,129.6868,69.9261,26.0326,33.7282,21228
7,1850,3238,0.00018993,0.7123,126.4163,68.1296,25.2567,33.03,21278
7,1900,3238,0.00018993,0.7149,125.0551,67.7902,24.5274,32.7374,21328
7,1950,3238,0.00018993,0.7169,123.7117,66.0038,24.6483,33.0596,21378
7,2000,3238,0.00018993,0.7159,125.0337,67.3542,24.6924,32.9871,21428
7,2050,3238,0.00018993,0.7217,124.2536,66.5511,24.7284,32.9741,21478
7,2100,3238,0.00018993,0.715,128.4906,69.6386,25.569,33.283,21528
7,2150,3238,0.00018993,0.7143,123.3235,66.7842,24.2834,32.2559,21578
7,2200,3238,0.00018993,0.7129,124.9766,67.9643,24.4947,32.5177,21628
7,2250,3238,0.00018993,0.7156,125.4758,67.5849,24.9476,32.9433,21678
7,2300,3238,0.00018993,0.7211,125.5716,67.165,25.1702,33.2364,21728
7,2350,3238,0.00018993,0.7112,125.5526,68.2334,24.7049,32.6142,21778
7,2400,3238,0.00018993,0.714,126.0659,67.1425,25.6344,33.289,21828
7,2450,3238,0.00018993,0.715,126.0788,68.7993,24.8021,32.4774,21878
7,2500,3238,0.00018993,0.7048,125.4467,67.5947,24.8076,33.0444,21928
7,2550,3238,0.00018993,0.6961,125.8695,68.5054,24.7037,32.6603,21978
7,2600,3238,0.00018993,0.6949,121.0873,65.3388,23.7739,31.9746,22028
7,2650,3238,0.00018993,0.7075,125.8933,68.4201,24.7104,32.7628,22078
7,2700,3238,0.00018993,0.7056,124.6246,67.3131,24.5063,32.8053,22128
7,2750,3238,0.00018993,0.6932,125.1942,68.1013,24.7182,32.3747,22178
7,2800,3238,0.00018993,0.6947,124.6244,67.5816,24.4789,32.5639,22228
7,2850,3238,0.00018993,0.6926,127.1059,68.9012,25.1237,33.081,22278
7,2900,3238,0.00018993,0.7015,122.3993,65.948,24.1847,32.2666,22328
7,2950,3238,0.00018993,0.7233,123.6843,65.8181,25.0193,32.8469,22378
7,3000,3238,0.00018993,0.7136,126.0841,68.8243,24.5497,32.71,22428
7,3050,3238,0.00018993,0.6947,130.9715,71.8753,25.6462,33.45,22478
7,3100,3238,0.00018993,0.6946,124.8028,67.8063,24.3791,32.6175,22528
7,3150,3238,0.00018993,0.6934,127.3671,68.5765,25.3201,33.4705,22578
7,3200,3238,0.00018993,0.703,128.3409,69.7681,25.2878,33.285,22628
8,50,3238,0.0001515,0.6869,122.0963,65.3758,24.2842,32.4363,22716
8,100,3238,0.0001515,0.6836,123.9664,66.2667,24.7944,32.9054,22766
8,150,3238,0.0001515,0.6874,123.7291,66.0365,24.8018,32.8907,22816
8,200,3238,0.0001515,0.6906,120.0587,63.3317,24.1141,32.6128,22866
8,250,3238,0.0001515,0.6904,121.9814,64.0767,24.8183,33.0863,22916
8,300,3238,0.0001515,0.6963,118.5702,62.3477,23.8914,32.331,22966
8,350,3238,0.0001515,0.6939,122.3376,64.6453,25.023,32.6694,23016
8,400,3238,0.0001515,0.6946,121.7858,64.9871,24.2777,32.521,23066
8,450,3238,0.0001515,0.695,122.1216,64.463,24.6819,32.9767,23116
8,500,3238,0.0001515,0.6955,125.9329,67.9536,24.9411,33.0382,23166
8,550,3238,0.0001515,0.7008,119.2617,63.4548,23.6501,32.1568,23216
8,600,3238,0.0001515,0.718,123.1462,65.9436,24.5607,32.6419,23266
8,650,3238,0.0001515,0.7217,119.631,63.0935,24.1597,32.3777,23316
8,700,3238,0.0001515,0.7177,120.1297,63.3019,24.4154,32.4125,23366
8,750,3238,0.0001515,0.7023,117.4199,61.0888,23.7804,32.5507,23416
8,800,3238,0.0001515,0.6984,117.4217,61.7236,23.6366,32.0615,23466
8,850,3238,0.0001515,0.6973,118.7493,62.4149,23.8321,32.5023,23516
8,900,3238,0.0001515,0.6983,121.614,65.3682,24.2081,32.0377,23566
8,950,3238,0.0001515,0.6972,119.1647,63.7927,23.3359,32.036,23616
8,1000,3238,0.0001515,0.7042,122.3286,64.3717,24.9117,33.0452,23666
8,1050,3238,0.0001515,0.6965,118.3034,63.0147,23.4918,31.7969,23716
8,1100,3238,0.0001515,0.7028,122.7863,65.4179,24.6231,32.7454,23766
8,1150,3238,0.0001515,0.7049,119.5082,63.3531,23.9223,32.2328,23816
8,1200,3238,0.0001515,0.7028,122.1132,65.135,24.4488,32.5293,23866
8,1250,3238,0.0001515,0.6997,122.7404,65.7777,24.6277,32.335,23916
8,1300,3238,0.0001515,0.6941,120.7462,64.4005,23.9535,32.3922,23966
8,1350,3238,0.0001515,0.6937,121.4518,65.3583,23.715,32.3785,24016
8,1400,3238,0.0001515,0.7042,122.3772,65.2997,24.4487,32.6289,24066
8,1450,3238,0.0001515,0.6954,120.1527,62.8647,24.6693,32.6187,24116
8,1500,3238,0.0001515,0.6957,120.0119,63.8635,24.0243,32.1241,24166
8,1550,3238,0.0001515,0.6947,120.8937,63.5123,24.5113,32.87,24216
8,1600,3238,0.0001515,0.6929,120.4312,64.0219,23.9684,32.4408,24266
8,1650,3238,0.0001515,0.7059,122.3394,63.9788,25.0401,33.3206,24316
8,1700,3238,0.0001515,0.6994,122.7432,64.9662,24.8766,32.9003,24366
8,1750,3238,0.0001515,0.6963,117.6515,61.5566,23.6039,32.491,24416
8,1800,3238,0.0001515,0.6949,123.0563,65.8887,24.5042,32.6635,24466
8,1850,3238,0.0001515,0.7036,120.673,63.7703,24.1094,32.7933,24516
8,1900,3238,0.0001515,0.6922,121.2606,63.8213,24.4125,33.0268,24566
8,1950,3238,0.0001515,0.6911,118.6672,63.4432,23.3095,31.9144,24616
8,2000,3238,0.0001515,0.6916,120.9831,64.3788,24.0392,32.5652,24666
8,2050,3238,0.0001515,0.7118,120.5119,64.3843,23.8936,32.234,24716
8,2100,3238,0.0001515,0.6966,120.5141,64.1587,23.8325,32.5229,24766
8,2150,3238,0.0001515,0.6945,123.2983,65.0851,25.0256,33.1876,24816
8,2200,3238,0.0001515,0.6941,120.4429,63.3088,24.5034,32.6307,24866
8,2250,3238,0.0001515,0.6978,120.3504,64.5538,23.6371,32.1594,24916
8,2300,3238,0.0001515,0.7113,120.85,64.2219,24.0313,32.5968,24966
8,2350,3238,0.0001515,0.6985,118.2183,62.5087,23.5967,32.1128,25016
8,2400,3238,0.0001515,0.696,125.0849,66.7677,25.1859,33.1313,25066
8,2450,3238,0.0001515,0.695,118.3065,62.3319,23.6699,32.3048,25116
8,2500,3238,0.0001515,0.7034,118.1867,62.5589,23.324,32.3038,25166
8,2550,3238,0.0001515,0.6938,121.1678,64.9179,23.8677,32.3821,25216
8,2600,3238,0.0001515,0.6944,119.5339,62.917,24.1941,32.4228,25266
8,2650,3238,0.0001515,0.713,120.9597,64.0673,24.0917,32.8007,25316
8,2700,3238,0.0001515,0.7235,120.8872,64.0072,24.1601,32.7198,25366
8,2750,3238,0.0001515,0.6937,119.9762,63.0823,24.1861,32.7078,25416
8,2800,3238,0.0001515,0.6938,122.5663,65.6362,24.326,32.6041,25466
8,2850,3238,0.0001515,0.6961,124.3369,66.6902,24.6006,33.0461,25516
8,2900,3238,0.0001515,0.6951,121.8455,64.6654,24.5288,32.6513,25566
8,2950,3238,0.0001515,0.7051,123.7806,66.0282,24.9216,32.8308,25616
8,3000,3238,0.0001515,0.6945,122.2887,64.5397,24.8481,32.9009,25666
8,3050,3238,0.0001515,0.6942,121.9044,64.5602,24.4877,32.8564,25716
8,3100,3238,0.0001515,0.6936,121.9354,65.0928,24.2446,32.598,25766
8,3150,3238,0.0001515,0.7076,122.0309,65.4373,24.2659,32.3277,25816
8,3200,3238,0.0001515,0.6931,122.0385,64.3196,24.4586,33.2603,25866
9,50,3238,0.00011307,0.6968,119.4121,63.2216,23.8263,32.3642,25954
9,100,3238,0.00011307,0.68,119.9369,62.9838,24.2792,32.6739,26004
9,150,3238,0.00011307,0.6865,117.1125,60.7651,23.7895,32.5579,26054
9,200,3238,0.00011307,0.6891,116.5429,60.1569,23.9001,32.4858,26104
9,250,3238,0.00011307,0.7,117.8526,61.2315,24.133,32.4882,26154
9,300,3238,0.00011307,0.6919,119.1447,61.6567,24.4998,32.9882,26204
9,350,3238,0.00011307,0.6963,119.2161,61.8677,24.4864,32.862,26254
9,400,3238,0.00011307,0.6958,119.4109,62.5539,24.2619,32.5952,26304
9,450,3238,0.00011307,0.6955,115.8762,59.8621,23.6347,32.3794,26354
9,500,3238,0.00011307,0.7137,117.8505,60.4415,24.6479,32.7611,26404
9,550,3238,0.00011307,0.6977,115.7449,60.5667,23.1567,32.0216,26454
9,600,3238,0.00011307,0.7002,117.3587,61.6978,23.6858,31.9751,26504
9,650,3238,0.00011307,0.6984,117.7703,61.675,23.9465,32.1488,26554
9,700,3238,0.00011307,0.7166,118.633,61.464,24.5198,32.6492,26604
9,750,3238,0.00011307,0.6998,116.4303,60.6742,23.6348,32.1214,26654
9,800,3238,0.00011307,0.7003,117.374,61.7358,23.6093,32.0289,26704
9,850,3238,0.00011307,0.7163,120.1643,62.9648,24.492,32.7076,26754
9,900,3238,0.00011307,0.7239,118.1637,61.3376,24.3685,32.4576,26804
9,950,3238,0.00011307,0.698,116.7184,61.0862,23.6702,31.962,26854
9,1000,3238,0.00011307,0.6959,118.7547,62.4915,23.8539,32.4093,26904
9,1050,3238,0.00011307,0.6959,117.5092,61.9221,23.4329,32.1542,26954
9,1100,3238,0.00011307,0.7002,121.2658,63.4403,25.0207,32.8048,27004
9,1150,3238,0.00011307,0.714,119.0771,62.9804,23.9375,32.1592,27054
9,1200,3238,0.00011307,0.7129,116.4678,60.7027,23.7339,32.0312,27104
9,1250,3238,0.00011307,0.6901,115.4575,59.4278,23.6457,32.3839,27154
9,1300,3238,0.00011307,0.6936,118.3111,62.135,23.874,32.3021,27204
9,1350,3238,0.00011307,0.7168,119.1273,63.2006,23.7304,32.1963,27254
9,1400,3238,0.00011307,0.6916,118.299,61.5824,24.0988,32.6178,27304
9,1450,3238,0.00011307,0.6976,119.1716,62.6387,23.8314,32.7015,27354
9,1500,3238,0.00011307,0.6997,115.9907,60.0698,23.6667,32.2542,27404
9,1550,3238,0.00011307,0.7166,119.4359,62.6411,24.1533,32.6414,27454
9,1600,3238,0.00011307,0.7025,120.2519,63.203,24.4787,32.5702,27504
9,1650,3238,0.00011307,0.6958,120.3172,63.5682,24.3065,32.4425,27554
9,1700,3238,0.00011307,0.6955,120.6023,62.384,25.0745,33.1438,27604
9,1750,3238,0.00011307,0.6939,115.006,59.8177,23.4014,31.7869,27654
9,1800,3238,0.00011307,0.7152,119.3922,62.2529,24.5826,32.5566,27704
9,1850,3238,0.00011307,0.6966,115.5127,60.0177,23.4512,32.0438,27754
9,1900,3238,0.00011307,0.6959,115.6688,60.5052,23.2376,31.926,27804
9,1950,3238,0.00011307,0.695,116.7137,61.0383,23.5219,32.1535,27854
9,2000,3238,0.00011307,0.7119,113.9477,59.0823,23.1912,31.6742,27904
9,2050,3238,0.00011307,0.6959,116.6536,60.589,23.7163,32.3482,27954
9,2100,3238,0.00011307,0.6966,116.4672,60.7212,23.5151,32.2309,28004
9,2150,3238,0.00011307,0.6964,120.8801,63.6046,24.4366,32.8389,28054
9,2200,3238,0.00011307,0.6951,116.7813,60.7229,23.6076,32.4508,28104
9,2250,3238,0.00011307,0.7125,115.2686,60.0579,23.1839,32.0267,28154
9,2300,3238,0.00011307,0.7042,115.9088,60.3224,23.5494,32.037,28204
9,2350,3238,0.00011307,0.696,119.542,62.2231,24.5528,32.7661,28254
9,2400,3238,0.00011307,0.6952,119.2092,62.3213,24.4929,32.395,28304
9,2450,3238,0.00011307,0.7244,117.0986,60.841,23.9098,32.3478,28354
9,2500,3238,0.00011307,0.704,118.0939,62.0244,23.8496,32.2199,28404
9,2550,3238,0.00011307,0.6967,119.5678,63.0201,23.8676,32.6802,28454
9,2600,3238,0.00011307,0.6969,115.7279,60.7764,22.9513,32.0002,28504
9,2650,3238,0.00011307,0.7141,116.7397,61.0405,23.3812,32.3179,28554
9,2700,3238,0.00011307,0.6954,117.8514,61.0903,24.0705,32.6906,28604
9,2750,3238,0.00011307,0.7042,117.7552,61.3412,23.8703,32.5437,28654
9,2800,3238,0.00011307,0.6974,117.3143,60.4826,24.1685,32.6632,28704
9,2850,3238,0.00011307,0.6999,117.6236,61.5794,23.861,32.1831,28754
9,2900,3238,0.00011307,0.7154,117.5629,61.4888,23.671,32.4031,28804
9,2950,3238,0.00011307,0.6938,119.8342,63.1586,24.1555,32.5201,28854
9,3000,3238,0.00011307,0.6953,118.7403,61.4525,24.4271,32.8606,28904
9,3050,3238,0.00011307,0.6984,117.0021,61.5678,23.2818,32.1524,28954
9,3100,3238,0.00011307,0.7119,117.5964,61.5758,23.657,32.3635,29004
9,3150,3238,0.00011307,0.6951,113.9621,59.1653,22.9521,31.8447,29054
9,3200,3238,0.00011307,0.6963,116.0822,60.0591,23.7121,32.3109,29104
10,50,3238,7.725e-05,0.7103,112.1812,57.2714,22.9897,31.9201,29192
10,100,3238,7.725e-05,0.6943,111.62,56.6568,23.1061,31.8571,29242
10,150,3238,7.725e-05,0.6848,113.1928,57.5464,23.515,32.1313,29292
10,200,3238,7.725e-05,0.7017,111.6786,56.8101,22.9245,31.944,29342
10,250,3238,7.725e-05,0.7012,116.5038,60.0812,23.9554,32.4672,29392
10,300,3238,7.725e-05,0.7049,112.2336,56.8467,23.1486,32.2383,29442
10,350,3238,7.725e-05,0.6954,113.6821,58.0203,23.5197,32.1421,29492
10,400,3238,7.725e-05,0.6973,112.3414,57.1714,23.202,31.968,29542
10,450,3238,7.725e-05,0.7005,112.9937,57.8982,23.1041,31.9913,29592
10,500,3238,7.725e-05,0.7022,111.832,57.2065,22.8518,31.7738,29642
10,550,3238,7.725e-05,0.695,111.7671,57.157,22.8859,31.7242,29692
10,600,3238,7.725e-05,0.6937,116.5533,59.7167,24.0892,32.7474,29742
10,650,3238,7.725e-05,0.7034,113.0496,57.5281,23.4335,32.088,29792
10,700,3238,7.725e-05,0.6983,114.8813,59.3799,23.3625,32.1389,29842
10,750,3238,7.725e-05,0.694,112.5932,57.6169,23.1234,31.8529,29892
10,800,3238,7.725e-05,0.6956,113.9391,58.1611,23.6458,32.1322,29942
10,850,3238,7.725e-05,0.6949,112.6888,57.1511,23.3283,32.2094,29992
10,900,3238,7.725e-05,0.7071,111.8878,56.5995,22.9801,32.3082,30042
10,950,3238,7.725e-05,0.7033,112.913,57.0888,23.372,32.4522,30092
10,1000,3238,7.725e-05,0.6956,112.9786,57.8782,23.0836,32.0168,30142
10,1050,3238,7.725e-05,0.6975,110.1116,55.1888,23.1587,31.764,30192
10,1100,3238,7.725e-05,0.7032,112.7866,57.5707,23.2865,31.9294,30242
10,1150,3238,7.725e-05,0.6942,113.6645,58.4163,23.3714,31.8768,30292
10,1200,3238,7.725e-05,0.7015,110.2581,55.6286,22.923,31.7065,30342
10,1250,3238,7.725e-05,0.6966,109.0211,55.0186,22.3418,31.6607,30392
10,1300,3238,7.725e-05,0.6878,112.7604,57.5235,22.9065,32.3304,30442
10,1350,3238,7.725e-05,0.7116,112.4062,57.8361,22.9473,31.6229,30492
10,1400,3238,7.725e-05,0.7065,111.4415,56.4021,23.1811,31.8583,30542
10,1450,3238,7.725e-05,0.6946,116.7911,61.182,23.5304,32.0786,30592
10,1500,3238,7.725e-05,0.6933,112.9284,57.1102,23.5095,32.3087,30642
10,1550,3238,7.725e-05,0.7049,113.6266,57.4652,23.819,32.3423,30692
10,1600,3238,7.725e-05,0.7004,114.4542,59.0938,23.253,32.1074,30742
10,1650,3238,7.725e-05,0.6953,113.071,57.3735,23.5508,32.1467,30792
10,1700,3238,7.725e-05,0.6964,109.4115,55.3294,22.3885,31.6936,30842
10,1750,3238,7.725e-05,0.7023,110.6166,56.3657,22.5855,31.6653,30892
10,1800,3238,7.725e-05,0.7051,109.7563,55.4808,22.5346,31.7409,30942
10,1850,3238,7.725e-05,0.7043,115.1254,59.751,23.4799,31.8945,30992
10,1900,3238,7.725e-05,0.695,113.6614,58.4195,23.2713,31.9707,31042
10,1950,3238,7.725e-05,0.6937,112.1749,57.2924,23.0146,31.8678,31092
10,2000,3238,7.725e-05,0.7011,112.0168,56.9649,23.2323,31.8196,31142
10,2050,3238,7.725e-05,0.7007,114.2755,58.3564,23.6466,32.2725,31192
10,2100,3238,7.725e-05,0.6952,110.5088,56.1664,22.7861,31.5563,31242
10,2150,3238,7.725e-05,0.6966,112.3891,56.8728,23.21,32.3063,31292
10,2200,3238,7.725e-05,0.7031,114.7972,59.4791,23.4025,31.9155,31342
10,2250,3238,7.725e-05,0.7044,111.5713,56.4994,23.1891,31.8827,31392
10,2300,3238,7.725e-05,0.6928,113.2134,57.214,23.6001,32.3994,31442
10,2350,3238,7.725e-05,0.7017,115.2392,59.0053,23.9107,32.3231,31492
10,2400,3238,7.725e-05,0.7081,111.4331,56.6981,22.9613,31.7737,31542
10,2450,3238,7.725e-05,0.6983,111.0347,56.985,22.574,31.4757,31592
10,2500,3238,7.725e-05,0.7051,112.2443,57.6591,22.962,31.6232,31642
10,2550,3238,7.725e-05,0.6954,111.1499,56.7005,22.8077,31.6417,31692
10,2600,3238,7.725e-05,0.6949,114.2998,58.6282,23.5872,32.0844,31742
10,2650,3238,7.725e-05,0.7003,113.9071,58.4008,23.4757,32.0306,31792
10,2700,3238,7.725e-05,0.7033,111.4064,56.4875,23.081,31.8378,31842
10,2750,3238,7.725e-05,0.6962,112.2342,57.3893,23.0624,31.7824,31892
10,2800,3238,7.725e-05,0.694,116.4575,59.7423,24.0604,32.6547,31942
10,2850,3238,7.725e-05,0.7045,112.267,57.7688,23.0276,31.4707,31992
10,2900,3238,7.725e-05,0.7004,113.5654,57.7494,23.4857,32.3303,32042
10,2950,3238,7.725e-05,0.6926,113.5753,57.7231,23.7899,32.0623,32092
10,3000,3238,7.725e-05,0.692,115.9265,59.7855,23.9042,32.2367,32142
10,3050,3238,7.725e-05,0.7025,117.4391,60.4038,24.3622,32.6731,32192
10,3100,3238,7.725e-05,0.6948,113.2497,57.0829,23.9224,32.2444,32242
10,3150,3238,7.725e-05,0.7033,109.9992,55.6606,22.7633,31.5752,32292
10,3200,3238,7.725e-05,0.6971,115.6993,58.6702,24.2424,32.7868,32342
11,50,3238,4.6495e-05,0.6988,107.1754,53.81,22.2731,31.0924,32430
11,100,3238,4.6495e-05,0.6799,109.8774,54.8538,23.2471,31.7764,32480
11,150,3238,4.6495e-05,0.6875,110.5147,55.8775,22.915,31.7222,32530
11,200,3238,4.6495e-05,0.6893,107.6717,53.8025,22.4282,31.441,32580
11,250,3238,4.6495e-05,0.6996,110.6121,56.0762,22.9366,31.5994,32630
11,300,3238,4.6495e-05,0.6933,110.232,54.3582,23.5316,32.3422,32680
11,350,3238,4.6495e-05,0.6957,107.6472,53.1328,22.8441,31.6703,32730
11,400,3238,4.6495e-05,0.7119,109.3656,55.0552,22.9269,31.3834,32780
11,450,3238,4.6495e-05,0.7033,108.2748,54.0452,22.6712,31.5583,32830
11,500,3238,4.6495e-05,0.6967,107.7403,53.898,22.4544,31.3878,32880
11,550,3238,4.6495e-05,0.6986,109.6142,53.8775,23.3914,32.3453,32930
11,600,3238,4.6495e-05,0.6993,111.0915,55.7825,23.1845,32.1245,32980
11,650,3238,4.6495e-05,0.7013,104.4693,51.1045,22.1376,31.2272,33030
11,700,3238,4.6495e-05,0.7057,110.9366,55.4867,23.3966,32.0533,33080
11,750,3238,4.6495e-05,0.6953,109.0639,54.1666,23.0015,31.8958,33130
11,800,3238,4.6495e-05,0.6933,107.0172,51.9484,22.995,32.0739,33180
11,850,3238,4.6495e-05,0.7021,107.2293,53.1467,22.609,31.4736,33230
11,900,3238,4.6495e-05,0.704,107.7528,53.1303,22.8519,31.7707,33280
11,950,3238,4.6495e-05,0.6942,108.6363,54.1977,22.9049,31.5337,33330
11,1000,3238,4.6495e-05,0.6946,109.0773,54.2254,22.9739,31.878,33380
11,1050,3238,4.6495e-05,0.6958,109.0366,54.5925,22.8215,31.6226,33430
11,1100,3238,4.6495e-05,0.6956,107.1886,53.68,22.3118,31.1968,33480
11,1150,3238,4.6495e-05,0.7015,108.0538,53.1969,23.1104,31.7465,33530
11,1200,3238,4.6495e-05,0.6973,108.2298,53.8065,22.75,31.6733,33580
11,1250,3238,4.6495e-05,0.6943,106.5978,52.3844,22.4896,31.7238,33630
11,1300,3238,4.6495e-05,0.6947,109.8576,54.5034,23.1465,32.2077,33680
11,1350,3238,4.6495e-05,0.7043,108.5231,53.9407,22.9431,31.6393,33730
11,1400,3238,4.6495e-05,0.6964,108.707,54.5164,22.5987,31.5919,33780
11,1450,3238,4.6495e-05,0.6956,112.1663,56.8973,23.2744,31.9945,33830
11,1500,3238,4.6495e-05,0.6963,108.1989,53.5829,22.7616,31.8544,33880
11,1550,3238,4.6495e-05,0.7022,107.1575,53.0532,22.7069,31.3973,33930
11,1600,3238,4.6495e-05,0.6963,107.1406,53.0177,22.6697,31.4533,33980
11,1650,3238,4.6495e-05,0.695,109.0715,53.9112,23.147,32.0132,34030
11,1700,3238,4.6495e-05,0.6957,107.3683,52.91,22.8593,31.599,34080
11,1750,3238,4.6495e-05,0.6954,108.5479,54.2801,22.7194,31.5484,34130
11,1800,3238,4.6495e-05,0.708,112.8084,56.1838,24.1406,32.4839,34180
11,1850,3238,4.6495e-05,0.7134,109.2379,54.6069,22.8706,31.7605,34230
11,1900,3238,4.6495e-05,0.6979,108.0914,53.4881,22.6906,31.9127,34280
11,1950,3238,4.6495e-05,0.6982,109.6043,54.8784,22.9333,31.7925,34330
11,2000,3238,4.6495e-05,0.708,109.711,54.4604,23.3816,31.8689,34380
11,2050,3238,4.6495e-05,0.6947,108.9526,53.9388,23.1324,31.8813,34430
11,2100,3238,4.6495e-05,0.6951,109.4176,54.3676,23.0041,32.0459,34480
11,2150,3238,4.6495e-05,0.6956,108.4359,53.6727,22.7126,32.0506,34530
11,2200,3238,4.6495e-05,0.7074,110.696,55.2106,23.4121,32.0733,34580
11,2250,3238,4.6495e-05,0.6985,108.8786,54.4084,22.9828,31.4874,34630
11,2300,3238,4.6495e-05,0.7019,108.939,55.0948,22.2144,31.6299,34680
11,2350,3238,4.6495e-05,0.705,110.4329,55.6034,23.0969,31.7325,34730
11,2400,3238,4.6495e-05,0.6987,109.9046,55.1911,22.8,31.9135,34780
11,2450,3238,4.6495e-05,0.6973,109.688,55.1028,23.0162,31.569,34830
11,2500,3238,4.6495e-05,0.7183,108.7472,53.8782,23.1329,31.7361,34880
11,2550,3238,4.6495e-05,0.6987,108.5716,54.5769,22.3926,31.6021,34930
11,2600,3238,4.6495e-05,0.6961,111.0799,54.9476,23.6323,32.5001,34980
11,2650,3238,4.6495e-05,0.695,112.5108,55.7213,24.14,32.6496,35030
11,2700,3238,4.6495e-05,0.703,111.4869,55.3368,23.8827,32.2673,35080
11,2750,3238,4.6495e-05,0.6979,110.0418,55.3129,23.1803,31.5486,35130
11,2800,3238,4.6495e-05,0.6968,108.1399,53.2906,23.2832,31.5661,35180
11,2850,3238,4.6495e-05,0.7017,112.2349,55.5184,23.9542,32.7624,35230
11,2900,3238,4.6495e-05,0.6937,108.2339,54.4866,22.4652,31.2821,35280
11,2950,3238,4.6495e-05,0.7002,111.7207,56.2072,23.5601,31.9534,35330
11,3000,3238,4.6495e-05,0.6959,109.718,55.0934,22.8745,31.7501,35380
11,3050,3238,4.6495e-05,0.6988,110.1435,55.0271,23.272,31.8445,35430
11,3100,3238,4.6495e-05,0.6979,109.6436,54.7792,23.1384,31.726,35480
11,3150,3238,4.6495e-05,0.7056,109.0669,54.3664,22.8444,31.8561,35530
11,3200,3238,4.6495e-05,0.6992,106.4833,53.0405,22.1442,31.2986,35580
12,50,3238,2.2895e-05,0.7277,106.6178,51.8599,22.9935,31.7644,35668
12,100,3238,2.2895e-05,0.6851,104.7887,50.8882,22.4843,31.4163,35718
12,150,3238,2.2895e-05,0.6929,102.9874,49.5887,21.9769,31.4217,35768
12,200,3238,2.2895e-05,0.6953,107.7042,52.7651,23.2261,31.713,35818
12,250,3238,2.2895e-05,0.6984,107.7164,52.8455,23.075,31.7959,35868
12,300,3238,2.2895e-05,0.712,107.8168,52.066,23.572,32.1787,35918
12,350,3238,2.2895e-05,0.7156,107.86,53.7983,22.501,31.5607,35968
12,400,3238,2.2895e-05,0.6993,105.7433,51.8989,22.5545,31.2899,36018
12,450,3238,2.2895e-05,0.7008,103.7553,50.2966,22.2956,31.163,36068
12,500,3238,2.2895e-05,0.7138,106.1967,51.5047,22.9091,31.7829,36118
12,550,3238,2.2895e-05,0.6987,109.0528,53.4502,23.6865,31.9161,36168
12,600,3238,2.2895e-05,0.6962,103.8554,49.5608,22.4778,31.8168,36218
12,650,3238,2.2895e-05,0.6967,103.2242,49.6151,22.0083,31.6008,36268
12,700,3238,2.2895e-05,0.6996,107.6521,52.3533,23.2628,32.036,36318
12,750,3238,2.2895e-05,0.7047,104.143,50.2892,22.41,31.4437,36368
12,800,3238,2.2895e-05,0.6959,104.4329,50.2878,22.7245,31.4205,36418
12,850,3238,2.2895e-05,0.697,108.4831,53.2339,23.4987,31.7506,36468
12,900,3238,2.2895e-05,0.6979,108.1276,52.4711,23.3065,32.3499,36518
12,950,3238,2.2895e-05,0.7059,103.1941,49.674,22.2247,31.2953,36568
12,1000,3238,2.2895e-05,0.6965,105.8989,51.5265,22.6288,31.7435,36618
12,1050,3238,2.2895e-05,0.7008,104.966,51.3607,21.93,31.6752,36668
12,1100,3238,2.2895e-05,0.6984,106.1857,51.6274,22.7058,31.8525,36718
12,1150,3238,2.2895e-05,0.7079,103.7887,50.1542,22.2764,31.3581,36768
12,1200,3238,2.2895e-05,0.6933,106.0366,51.5726,22.6209,31.8431,36818
12,1250,3238,2.2895e-05,0.6964,106.4711,51.8116,22.9344,31.725,36868
12,1300,3238,2.2895e-05,0.6971,107.173,52.6091,22.9117,31.6522,36918
12,1350,3238,2.2895e-05,0.6964,106.188,51.4869,22.738,31.9631,36968
12,1400,3238,2.2895e-05,0.7028,105.4357,51.3736,22.5922,31.4699,37018
12,1450,3238,2.2895e-05,0.6984,103.1897,49.9917,22.0949,31.1031,37068
12,1500,3238,2.2895e-05,0.6983,105.2368,50.4659,22.908,31.8628,37118
12,1550,3238,2.2895e-05,0.7055,104.9109,50.3621,22.5351,32.0138,37168
12,1600,3238,2.2895e-05,0.7018,104.6077,50.2325,22.8302,31.545,37218
12,1650,3238,2.2895e-05,0.6946,102.5177,49.0561,22.1678,31.2938,37268
12,1700,3238,2.2895e-05,0.6952,102.1404,49.017,22.032,31.0914,37318
12,1750,3238,2.2895e-05,0.6934,106.2732,51.218,23.0534,32.0018,37368
12,1800,3238,2.2895e-05,0.6972,107.1362,53.4789,22.4077,31.2496,37418
12,1850,3238,2.2895e-05,0.7051,105.3389,51.03,22.4313,31.8776,37468
12,1900,3238,2.2895e-05,0.694,102.6853,49.0438,22.0858,31.5556,37518
12,1950,3238,2.2895e-05,0.6943,103.2265,49.624,22.2674,31.3351,37568
12,2000,3238,2.2895e-05,0.6957,106.1776,51.567,22.8212,31.7893,37618
12,2050,3238,2.2895e-05,0.7149,105.605,51.4038,22.6582,31.543,37668
12,2100,3238,2.2895e-05,0.7001,108.0699,53.0241,23.1529,31.893,37718
12,2150,3238,2.2895e-05,0.695,109.1966,53.5416,23.4362,32.2188,37768
12,2200,3238,2.2895e-05,0.6959,109.5101,53.3171,23.9303,32.2628,37818
12,2250,3238,2.2895e-05,0.7074,104.5413,50.3094,22.6033,31.6287,37868
12,2300,3238,2.2895e-05,0.6927,104.1378,50.8715,21.9911,31.2752,37918
12,2350,3238,2.2895e-05,0.6962,105.9486,52.1182,22.67,31.1604,37968
12,2400,3238,2.2895e-05,0.6971,103.8336,50.4504,22.1127,31.2705,38018
12,2450,3238,2.2895e-05,0.6975,108.7509,53.0806,23.6956,31.9747,38068
12,2500,3238,2.2895e-05,0.7106,103.8184,49.7032,22.4229,31.6922,38118
12,2550,3238,2.2895e-05,0.6961,105.8097,51.7143,22.6974,31.3979,38168
12,2600,3238,2.2895e-05,0.6944,104.8277,50.5823,22.5139,31.7314,38218
12,2650,3238,2.2895e-05,0.6996,106.8104,52.1378,22.8451,31.8275,38268
12,2700,3238,2.2895e-05,0.7001,102.8808,49.9405,22.0105,30.9298,38318
12,2750,3238,2.2895e-05,0.6958,106.4928,51.5375,22.9931,31.9622,38368
12,2800,3238,2.2895e-05,0.6971,104.4807,50.5015,22.402,31.5772,38418
12,2850,3238,2.2895e-05,0.6978,106.2006,51.5992,22.9303,31.671,38468
12,2900,3238,2.2895e-05,0.6963,102.9734,49.9232,21.9223,31.1279,38518
12,2950,3238,2.2895e-05,0.7077,107.423,52.9614,22.6771,31.7845,38568
12,3000,3238,2.2895e-05,0.698,103.9285,50.0126,22.4926,31.4233,38618
12,3050,3238,2.2895e-05,0.7026,103.5251,50.5603,21.7233,31.2414,38668
12,3100,3238,2.2895e-05,0.7014,102.6235,48.8168,22.2756,31.5312,38718
12,3150,3238,2.2895e-05,0.7067,106.3584,51.6139,22.9034,31.8411,38768
12,3200,3238,2.2895e-05,0.695,104.0235,50.0825,22.4329,31.5081,38818
